19	54454680	54454681	rs3813148	G	A
11	124225541	124225542	rs2466613	G	A
7	100773850	100773851	rs78193191	G	A
8	2106380	2106381	rs3817705	C	T
19	8698591	8698592	rs2340550	T	C
19	54632039	54632040	rs1061681	G	T
7	130733861	130733862	rs111400400	T	C
22	23982903	23982904	rs140195	G	A
19	8698549	8698550	rs10410943	T	C
19	54632000	54632001	rs1061680	T	C
8	2101040	2101041	rs968381	A	G
8	142664632	142664633	rs2976399	G	A
19	54240484	54240485	rs2361801	C	G
17	37339843	37339844	rs58654829	C	T
9	133402954	133402955	rs3124747	A	G
14	21634217	21634218	rs12894405	A	G
14	21634455	21634456	rs10138704	A	G
14	21634435	21634436	rs10138694	A	G
19	54242174	54242175	rs620207	T	G
9	41964571	41964572	rs1692974	A	G
10	47922704	47922705	rs3824733	C	T
7	130733916	130733917	rs111731678	A	C
1	13005065	13005066	rs71258911	A	G
9	41953307	41953308	rs62536501	T	G
19	54241630	54241631	rs61734496	A	G
19	54242204	54242205	rs678876	A	G
19	54241631	54241632	rs1052970	C	T
19	54242101	54242102	rs1052964	A	G
5	141183998	141183999	rs2697534	A	G
19	54241673	54241674	rs61734499	C	A
19	54242112	54242113	rs1052963	C	G
9	133402908	133402909	rs3124748	C	T
22	22514168	22514169	rs361666	C	A
22	22515223	22515224	rs362011	A	G
7	100958743	100958744	rs74836112	A	C
22	22514172	22514173	rs361762	C	G
1	13225407	13225408	rs71279237	T	A
1	13223648	13223649	rs56088861	T	C
1	13225324	13225325	rs61780077	G	A
22	22514448	22514449	rs361737	C	T
22	22515220	22515221	rs361580	A	C
1	149029905	149029906	rs3851872	A	G
7	100958525	100958526	rs377581018	C	A
22	22514451	22514452	rs362173	C	T
9	41997653	41997654	rs200986004	A	C
7	100958567	100958568	rs77302959	C	T
5	141184187	141184188	rs17844658	C	A
7	100958574	100958575	rs141925032	C	A
1	144426380	144426381	rs372610539	A	G
22	22514893	22514894	rs362132	A	G
19	41761980	41761981	rs11548735	G	T
22	22515213	22515214	rs361611	T	C
1	149029914	149029915	rs833192	T	C
1	149082032	149082033	rs9441133	T	G
7	100958681	100958682	rs371970072	A	C
1	13319383	13319384	rs370751361	C	T
1	148756498	148756499	rs201435207	A	G
7	100958678	100958679	rs368043565	C	A
7	100964819	100964820	rs6960868	C	T
7	100958720	100958721	rs62483691	C	G
15	20536448	20536449	rs2930402	A	G
22	22514884	22514885	rs362124	G	C
7	100958555	100958556	rs142726350	A	G
7	100958543	100958544	rs73398722	A	C
7	100958624	100958625	rs374669929	C	T
1	145405300	145405301	rs3896058	A	G
7	100958579	100958580	rs375505095	A	C
19	39902273	39902274	rs139175656	G	C
7	100958576	100958577	rs79971461	A	T
7	100958594	100958595	rs73398725	A	C
7	100958614	100958615	rs76608602	A	C
19	54240489	54240490	rs1052984	C	T
7	100958615	100958616	rs74474011	T	C
7	100969663	100969664	rs76619309	C	T
7	100958528	100958529	rs370556537	A	C
7	100958564	100958565	rs73398723	T	C
7	100965797	100965798	rs35790618	G	T
7	100958627	100958628	rs113011992	C	A
1	12920301	12920302	rs9328936	G	C
7	100966915	100966916	rs10258821	A	T
7	100965858	100965859	rs73163797	G	A
7	100958739	100958740	rs62483692	A	C
7	100958631	100958632	rs374457792	-	A
7	100964799	100964800	rs6960854	C	G
1	148459363	148459364	rs28653499	T	G
19	54240481	54240482	rs1052992	T	G
7	100958670	100958671	rs28420633	G	A
7	100958657	100958658	rs28530520	G	A
7	72942243	72942244	rs236664	A	T
1	12920306	12920307	rs1832597	C	T
7	100965800	100965801	rs73163794	C	G
1	143744159	143744160	rs61823125	G	A
7	100969670	100969671	rs79881008	G	A
1	149077900	149077901	rs3863697	A	G
7	100958592	100958593	rs75292014	A	G
7	100958630	100958631	rs150620929	A	C
7	100965344	100965345	rs73714276	A	C
7	100965752	100965753	rs73163792	T	C
9	66152697	66152698	rs3105985	C	T
7	100965753	100965754	rs73163793	C	T
7	100958605	100958606	rs371272715	C	T
7	73324764	73324765	rs6980124	T	C
7	73324763	73324764	rs6980258	G	A
7	100965842	100965843	rs67377634	A	G
7	100958708	100958709	rs372391962	G	A
21	44591869	44591870	rs233305	G	A
7	100969687	100969688	rs73168328	A	G
10	46390884	46390885	rs2801067	T	C
7	100958596	100958597	rs367788571	T	C
7	100958625	100958626	rs28606475	A	C
7	100958707	100958708	rs78118592	C	T
1	120840496	120840497	rs199511253	T	C
7	100958656	100958657	rs79714278	T	C
21	44591863	44591864	rs233304	G	A
7	100958647	100958648	rs28617762	T	C
7	100958686	100958687	rs62483690	G	A
1	120419978	120419979	rs1698687	C	T
7	100958566	100958567	rs371207007	C	G
7	100969679	100969680	rs78487486	G	C
7	100958669	100958670	rs28705341	C	T
1	148756582	148756583	rs74731244	G	C
7	100958732	100958733	rs369808949	A	C
7	100958721	100958722	rs113108647	G	A
7	100958729	100958730	rs376696009	C	A
1	120913494	120913495	rs28705697	G	A
7	100958684	100958685	rs375674599	C	T
7	100958685	100958686	rs369769353	A	G
7	100958735	100958736	rs373357206	C	T
1	144438027	144438028	rs9438309	T	C
1	120419996	120419997	rs1699854	C	T
1	149080072	149080073	rs374488746	C	G
7	100958698	100958699	rs77595320	A	C
19	54242116	54242117	rs11673178	G	A
7	100958568	100958569	rs201598393	G	A
1	143744155	143744156	rs376311436	A	G
7	100958538	100958539	rs374277691	C	G
1	143744167	143744168	rs368458221	T	G
19	177363	177364	rs4803310	G	A
1	149077902	149077903	rs4067645	G	A
7	100958711	100958712	rs200242471	C	A
7	100958661	100958662	rs80228227	A	G
7	100958696	100958697	rs78072446	C	G
7	100958706	100958707	rs76594565	T	G
